{"/not_found":{"name":"404","slug":"/not_found","template_type":"NOT_FOUND","settings":{"title":"404 Page Not Found"}},"/checkout":{"name":"Checkout","slug":"/checkout","template_type":"CHECKOUT","settings":{"title":"Checkout"}},"/contact":{"name":"Contact","slug":"/contact","template_type":"CONTACT","settings":{"title":"Need help? Get in touch with us","meta_tags":[{"name":"og:title","content":"Need help? Get in touch with us"},{"name":"twitter:title","content":"Need help? Get in touch with us"},{"name":"description","content":"If you need help with a recent purchase, would like more information about a digital product we are offering or you're just curious about our solutions, do not hesitate to get in touch with us. It's as easy as filling in 3 inputs and clicking a button."},{"name":"og:description","content":"If you need help with a recent purchase, would like more information about a digital product we are offering or you're just curious about our solutions, do not hesitate to get in touch with us. It's as easy as filling in 3 inputs and clicking a button."},{"name":"twitter:description","content":"If you need help with a recent purchase, would like more information about a digital product we are offering or you're just curious about our solutions, do not hesitate to get in touch with us. It's as easy as filling in 3 inputs and clicking a button."},{"name":"twitter:site","content":"@{{global.common.shopInfo.shop.name}}"},{"name":"og:image","content":"{{ cdn_link(global.common.shopInfo.shop.cloudflare_image_id, 'avatar') if global.common.shopInfo.shop.cloudflare_image_id else [global.config.CDN_PREVIEWS_URL, '/shop.png'] | join }}"},{"name":"twitter:image","content":"{{ cdn_link(global.common.shopInfo.shop.cloudflare_image_id, 'avatar') if global.common.shopInfo.shop.cloudflare_image_id else [global.config.CDN_PREVIEWS_URL, '/shop.png'] | join }}"},{"name":"twitter:card","content":"summary_large_image"},{"name":"robots","content":"noindex"}]}},"/delivery/:id":{"name":"Delivery","slug":"/delivery/:id","template_type":"DELIVERY","settings":{"title":"Delivery {{global.common.invoiceInfo.invoice.uniqid}}","meta_tags":[]}},"/feedback/:id":{"name":"Feedback","slug":"/feedback/:id","template_type":"FEEDBACK","settings":{"title":"Feedback"}},"/feedback":{"name":"Feedback List","slug":"/feedback","template_type":"FEEDBACK_LIST","settings":{"title":"Feedback and Reviews","meta_tags":[{"name":"og:title","content":"Feedback and Reviews from our clients"},{"name":"twitter:title","content":"Feedback and Reviews from our clients"},{"name":"description","content":"Take a look at what customers say about our products, review the latest feedback and ratings. Verify the integrity of these reviews through the Trusted Advisor page."},{"name":"og:description","content":"Take a look at what customers say about our products, review the latest feedback and ratings. Verify the integrity of these reviews through the Trusted Advisor page."},{"name":"twitter:description","content":"Take a look at what customers say about our products, review the latest feedback and ratings. Verify the integrity of these reviews through the Trusted Advisor page."},{"name":"twitter:site","content":"@{{global.common.shopInfo.shop.name}}"},{"name":"og:image","content":"{{ cdn_link(global.common.shopInfo.shop.cloudflare_image_id, 'avatar') if global.common.shopInfo.shop.cloudflare_image_id else [global.config.CDN_PREVIEWS_URL, '/shop.png'] | join }}"},{"name":"twitter:image","content":"{{ cdn_link(global.common.shopInfo.shop.cloudflare_image_id, 'avatar') if global.common.shopInfo.shop.cloudflare_image_id else [global.config.CDN_PREVIEWS_URL, '/shop.png'] | join }}"},{"name":"twitter:card","content":"summary_large_image"},{"name":"robots","content":"noindex"}]}},"/group/:id":{"name":"Group","slug":"/group/:id","template_type":"MAIN","settings":{"title":"Explore {{global.common.shopInfo.shop.name}}'s digital store","meta_tags":[{"name":"og:title","content":"Explore {{global.common.shopInfo.shop.name}}'s digital store"},{"name":"twitter:title","content":"Explore {{global.common.shopInfo.shop.name}}'s digital store"},{"name":"description","content":"View {{global.common.shopInfo.shop.name}}'s digital store: get the digital goods you need instantly with our many payment gateways in just a few clicks, or get in touch with us should you need help."},{"name":"og:description","content":"View {{global.common.shopInfo.shop.name}}'s digital store: get the digital goods you need instantly with our many payment gateways in just a few clicks, or get in touch with us should you need help."},{"name":"twitter:description","content":"View {{global.common.shopInfo.shop.name}}'s digital store: get the digital goods you need instantly with our many payment gateways in just a few clicks, or get in touch with us should you need help."},{"name":"twitter:site","content":"@{{global.common.shopInfo.shop.name}}"},{"name":"og:image","content":"{{ cdn_link(global.common.shopInfo.shop.cloudflare_image_id, 'avatar') if global.common.shopInfo.shop.cloudflare_image_id else [global.config.CDN_PREVIEWS_URL, '/shop.png'] | join }}"},{"name":"twitter:image","content":"{{ cdn_link(global.common.shopInfo.shop.cloudflare_image_id, 'avatar') if global.common.shopInfo.shop.cloudflare_image_id else [global.config.CDN_PREVIEWS_URL, '/shop.png'] | join }}"},{"name":"twitter:card","content":"summary_large_image"},{"name":"robots","content":"noindex"}]}},"/invoice/:id":{"name":"Invoice","slug":"/invoice/:id","template_type":"INVOICE","settings":{"title":"Sellix Invoice: {{global.common.invoiceInfo.invoice.uniqid}}","meta_tags":[]}},"/":{"name":"Main page","slug":"/","template_type":"MAIN","settings":{"title":"Explore {{global.common.shopInfo.shop.name}}'s digital store","meta_tags":[{"name":"og:title","content":"Explore {{global.common.shopInfo.shop.name}}'s digital store"},{"name":"twitter:title","content":"Explore {{global.common.shopInfo.shop.name}}'s digital store"},{"name":"description","content":"View {{global.common.shopInfo.shop.name}}'s digital store: get the digital goods you need instantly with our many payment gateways in just a few clicks, or get in touch with us should you need help."},{"name":"og:description","content":"View {{global.common.shopInfo.shop.name}}'s digital store: get the digital goods you need instantly with our many payment gateways in just a few clicks, or get in touch with us should you need help."},{"name":"twitter:description","content":"View {{global.common.shopInfo.shop.name}}'s digital store: get the digital goods you need instantly with our many payment gateways in just a few clicks, or get in touch with us should you need help."},{"name":"twitter:site","content":"@{{global.common.shopInfo.shop.name}}"},{"name":"og:image","content":"{{ cdn_link(global.common.shopInfo.shop.cloudflare_image_id, 'avatar') if global.common.shopInfo.shop.cloudflare_image_id else [global.config.CDN_PREVIEWS_URL, '/shop.png'] | join }}"},{"name":"twitter:image","content":"{{ cdn_link(global.common.shopInfo.shop.cloudflare_image_id, 'avatar') if global.common.shopInfo.shop.cloudflare_image_id else [global.config.CDN_PREVIEWS_URL, '/shop.png'] | join }}"},{"name":"twitter:card","content":"summary_large_image"},{"name":"robots","content":"noindex"}]}},"/payment/:id":{"name":"Payment","slug":"/payment/:id","template_type":"PAYMENT","settings":{"title":"Payment"}},"/payment":{"name":"Payment List","slug":"/payment","template_type":"PAYMENT_LIST","settings":{"title":"Payment List"}},"/product/:id":{"name":"Product","slug":"/product/:id","template_type":"PRODUCT","settings":{"title":"{{global.common.productInfo.product.title}}","meta_tags":[{"name":"og:title","content":"{{global.common.productInfo.product.title}}"},{"name":"twitter:title","content":"{{global.common.productInfo.product.title}}"},{"name":"description","content":"Check out {{global.common.productInfo.product.title}} by {{global.common.shopInfo.shop.name}}. Purchase it within minutes by using one of our many payment gateways, or get in touch with us for additional details."},{"name":"og:description","content":"Check out {{global.common.productInfo.product.title}} by {{global.common.shopInfo.shop.name}}. Purchase it within minutes by using one of our many payment gateways, or get in touch with us for additional details."},{"name":"twitter:description","content":"Check out {{global.common.productInfo.product.title}} by {{global.common.shopInfo.shop.name}}. Purchase it within minutes by using one of our many payment gateways, or get in touch with us for additional details."},{"name":"twitter:site","content":"@{{global.common.shopInfo.shop.name}}"},{"name":"og:image","content":"{% set first_img = global.common.productInfo.product.image_attachments | d([]) | first %}{{ cdn_link(first_img.cloudflare_image_id, 'shopItem') if first_img else [global.config.CDN_PREVIEWS_URL,'/product.png'] | join }}"},{"name":"twitter:image","content":"{% set first_img = global.common.productInfo.product.image_attachments | d([]) | first %}{{ cdn_link(first_img.cloudflare_image_id, 'shopItem') if first_img else [global.config.CDN_PREVIEWS_URL,'/product.png'] | join }}"},{"name":"twitter:card","content":"summary_large_image"},{"name":"robots","content":"noindex"}]}},"/subscription/:id":{"name":"Subscription","slug":"/subscription/:id","template_type":"PRODUCT","settings":{"title":"{{global.common.productInfo.product.title}}","meta_tags":[{"name":"og:title","content":"{{global.common.productInfo.product.title}}"},{"name":"twitter:title","content":"{{global.common.productInfo.product.title}}"},{"name":"description","content":"Check out {{global.common.productInfo.product.title}} by {{global.common.shopInfo.shop.name}}. Purchase it within minutes by using one of our many payment gateways, or get in touch with us for additional details."},{"name":"og:description","content":"Check out {{global.common.productInfo.product.title}} by {{global.common.shopInfo.shop.name}}. Purchase it within minutes by using one of our many payment gateways, or get in touch with us for additional details."},{"name":"twitter:description","content":"Check out {{global.common.productInfo.product.title}} by {{global.common.shopInfo.shop.name}}. Purchase it within minutes by using one of our many payment gateways, or get in touch with us for additional details."},{"name":"twitter:site","content":"@{{global.common.shopInfo.shop.name}}"},{"name":"og:image","content":"{% set first_img = global.common.productInfo.product.image_attachments | d([]) | first %}{{ cdn_link(first_img.cloudflare_image_id, 'shopItem') if first_img else [global.config.CDN_PREVIEWS_URL,'/product.png'] | join }}"},{"name":"twitter:image","content":"{% set first_img = global.common.productInfo.product.image_attachments | d([]) | first %}{{ cdn_link(first_img.cloudflare_image_id, 'shopItem') if first_img else [global.config.CDN_PREVIEWS_URL,'/product.png'] | join }}"},{"name":"twitter:card","content":"summary_large_image"},{"name":"robots","content":"noindex"}]}},"/terms":{"name":"Terms","slug":"/terms","template_type":"TERMS","settings":{"title":"Terms of Service","meta_tags":[{"name":"og:title","content":"Check our Terms of Service for allowed activities and behaviors with our products."},{"name":"twitter:title","content":"Check our Terms of Service for allowed activities and behaviors with our products."},{"name":"description","content":"Check our Terms of Service for allowed activities and behaviors with our products."},{"name":"og:description","content":"Before proceeding with a purchase, review our Terms of Service and Cookie Policy in order to verify which data we process, where it's processed and what you are allowed to do with our products."},{"name":"twitter:description","content":"Before proceeding with a purchase, review our Terms of Service and Cookie Policy in order to verify which data we process, where it's processed and what you are allowed to do with our products."},{"name":"twitter:site","content":"@{{global.common.shopInfo.shop.name}}"},{"name":"og:image","content":"{{ cdn_link(global.common.shopInfo.shop.cloudflare_image_id, 'avatar') if global.common.shopInfo.shop.cloudflare_image_id else [global.config.CDN_PREVIEWS_URL, '/shop.png'] | join }}"},{"name":"twitter:image","content":"{{ cdn_link(global.common.shopInfo.shop.cloudflare_image_id, 'avatar') if global.common.shopInfo.shop.cloudflare_image_id else [global.config.CDN_PREVIEWS_URL, '/shop.png'] | join }}"},{"name":"twitter:card","content":"summary_large_image"},{"name":"robots","content":"noindex"}]}},"/ticket/:id":{"name":"Ticket","slug":"/ticket/:id","template_type":"TICKET","settings":{"title":"Ticket"}},"/trust":{"name":"Trust","slug":"/trust","template_type":"TRUST","settings":{"title":"Trusted Advisor Metrics","meta_tags":[{"name":"og:title","content":"Trusted Advisor Metrics"},{"name":"twitter:title","content":"Trusted Advisor Metrics"},{"name":"description","content":"The trusted advisor page offers a simple solution to check our feedback, appeals and security scoring. Take a look at it before making any purchase to verify our offerings."},{"name":"og:description","content":"The trusted advisor page offers a simple solution to check our feedback, appeals and security scoring. Take a look at it before making any purchase to verify our offerings."},{"name":"twitter:description","content":"The trusted advisor page offers a simple solution to check our feedback, appeals and security scoring. Take a look at it before making any purchase to verify our offerings."},{"name":"twitter:site","content":"@{{global.common.shopInfo.shop.name}}"},{"name":"og:image","content":"{{ cdn_link(global.common.shopInfo.shop.cloudflare_image_id, 'avatar') if global.common.shopInfo.shop.cloudflare_image_id else [global.config.CDN_PREVIEWS_URL, '/shop.png'] | join }}"},{"name":"twitter:image","content":"{{ cdn_link(global.common.shopInfo.shop.cloudflare_image_id, 'avatar') if global.common.shopInfo.shop.cloudflare_image_id else [global.config.CDN_PREVIEWS_URL, '/shop.png'] | join }}"},{"name":"twitter:card","content":"summary_large_image"},{"name":"robots","content":"noindex"}]}}}